Genotype	Count	Type	Variant
G0	639	Observed	NA_variant_1
G1	2063	Observed	NA_variant_1
G2	1687	Observed	NA_variant_1
G0	635.8100364547734	Expected	NA_variant_1
G1	2069.3799270904533	Expected	NA_variant_1
G2	1683.8100364547731	Expected	NA_variant_1
G0	1890	Observed	NA_variant_2
G1	1931	Observed	NA_variant_2
G2	568	Observed	NA_variant_2
G0	1857.7991000227842	Expected	NA_variant_2
G1	1995.4017999544315	Expected	NA_variant_2
G2	535.7991000227842	Expected	NA_variant_2
G0	1937	Observed	NA_variant_3
G1	1963	Observed	NA_variant_3
G2	489	Observed	NA_variant_3
G0	1940.679482797904	Expected	NA_variant_3
G1	1955.6410344041924	Expected	NA_variant_3
G2	492.67948279790386	Expected	NA_variant_3
G0	3409	Observed	NA_variant_4
G1	932	Observed	NA_variant_4
G2	48	Observed	NA_variant_4
G0	3421.1950330371383	Expected	NA_variant_4
G1	907.6099339257233	Expected	NA_variant_4
G2	60.195033037138295	Expected	NA_variant_4
G0	3177	Observed	NA_variant_5
G1	1099	Observed	NA_variant_5
G2	113	Observed	NA_variant_5
G0	3164.0014240145815	Expected	NA_variant_5
G1	1124.9971519708363	Expected	NA_variant_5
G2	100.00142401458191	Expected	NA_variant_5
G0	274	Observed	NA_variant_6
G1	1633	Observed	NA_variant_6
G2	2482	Observed	NA_variant_6
G0	270.9478810663021	Expected	NA_variant_6
G1	1639.1042378673958	Expected	NA_variant_6
G2	2478.947881066302	Expected	NA_variant_6
G0	3996	Observed	NA_variant_7
G1	385	Observed	NA_variant_7
G2	8	Observed	NA_variant_7
G0	3997.1593187514236	Expected	NA_variant_7
G1	382.6813624971519	Expected	NA_variant_7
G2	9.159318751424014	Expected	NA_variant_7
G0	1062	Observed	SPINK14
G1	2166	Observed	SPINK14
G2	1161	Observed	SPINK14
G0	1048.3082706766916	Expected	SPINK14
G1	2193.3834586466164	Expected	SPINK14
G2	1147.3082706766918	Expected	SPINK14
G0	608	Observed	SVAE
G1	2404	Observed	SVAE
G2	1377	Observed	SVAE
G0	746.434267486899	Expected	SVAE
G1	2127.1314650262016	Expected	SVAE
G2	1515.4342674868988	Expected	SVAE
G0	2164	Observed	ShortInversion
G1	1842	Observed	ShortInversion
G2	383	Observed	ShortInversion
G0	2168.426748689906	Expected	ShortInversion
G1	1833.1465026201868	Expected	ShortInversion
G2	387.4267486899066	Expected	ShortInversion
G0	202	Observed	svVariant_1
G1	1476	Observed	svVariant_1
G2	2711	Observed	svVariant_1
G0	201.32148553201185	Expected	svVariant_1
G1	1477.3570289359764	Expected	svVariant_1
G2	2710.3214855320116	Expected	svVariant_1
G0	2451	Observed	svVariant_10
G1	1638	Observed	svVariant_10
G2	300	Observed	svVariant_10
G0	2436.295283663705	Expected	svVariant_10
G1	1667.4094326725906	Expected	svVariant_10
G2	285.29528366370477	Expected	svVariant_10
G0	2184	Observed	svVariant_2
G1	1819	Observed	svVariant_2
G2	386	Observed	svVariant_2
G0	2180.3924014581908	Expected	svVariant_2
G1	1826.215197083618	Expected	svVariant_2
G2	382.3924014581909	Expected	svVariant_2
G0	557	Observed	svVariant_3
G1	2575	Observed	svVariant_3
G2	1257	Observed	svVariant_3
G0	775.1606858054226	Expected	svVariant_3
G1	2138.6786283891547	Expected	svVariant_3
G2	1475.1606858054229	Expected	svVariant_3
G0	1159	Observed	svVariant_4
G1	2185	Observed	svVariant_4
G2	1045	Observed	svVariant_4
G0	1154.9902597402597	Expected	svVariant_4
G1	2193.0194805194806	Expected	svVariant_4
G2	1040.9902597402597	Expected	svVariant_4
G0	61	Observed	svVariant_5
G1	4328	Observed	svVariant_5
G2	0	Observed	svVariant_5
G0	1127.9619503303713	Expected	svVariant_5
G1	2194.0760993392573	Expected	svVariant_5
G2	1066.9619503303713	Expected	svVariant_5
G0	308	Observed	svVariant_6
G1	1792	Observed	svVariant_6
G2	2289	Observed	svVariant_6
G0	330.2838915470495	Expected	svVariant_6
G1	1747.4322169059012	Expected	svVariant_6
G2	2311.283891547049	Expected	svVariant_6
G0	213	Observed	svVariant_7
G1	1621	Observed	svVariant_7
G2	2555	Observed	svVariant_7
G0	238.6767486899066	Expected	svVariant_7
G1	1569.6465026201868	Expected	svVariant_7
G2	2580.676748689906	Expected	svVariant_7
G0	1921	Observed	svVariant_8
G1	1943	Observed	svVariant_8
G2	525	Observed	svVariant_8
G0	1906.2556960583277	Expected	svVariant_8
G1	1972.4886078833451	Expected	svVariant_8
G2	510.2556960583277	Expected	svVariant_8
G0	1174	Observed	svVariant_9
G1	2170	Observed	svVariant_9
G2	1045	Observed	svVariant_9
G0	1162.6978810663024	Expected	svVariant_9
G1	2192.604237867396	Expected	svVariant_9
G2	1033.6978810663022	Expected	svVariant_9
