Variant	Sample	File	Genotype	Mean_Quality	Lower_Bound	Upper_Bound	Certainty	TotalReads	Outliers	AvgMapQ	MinMapQ	MaxMapQ	QualityPass	Difficulty
NA_variant_1	ERR1955394	/misc/rci-rg/ag_kehr/projects/Polaris_Diversity_Cohort/bam/ERR1955394.GRCh38.bam	VAR/VAR	148.013672	110.957520	185.827148	1.000000	207	0	60.000000	60	60	TRUE	1150.450928
NA_variant_1	ERR1955417	/misc/rci-rg/ag_kehr/projects/Polaris_Diversity_Cohort/bam/ERR1955417.GRCh38.bam	REF/VAR	375.520508	151.700195	625.546387	1.000000	187	0	59.919785	30	60	TRUE	1153.271240
NA_variant_1	ERR1955429	/misc/rci-rg/ag_kehr/projects/Polaris_Diversity_Cohort/bam/ERR1955429.GRCh38.bam	REF/REF	175.706543	140.296875	213.356445	1.000000	193	0	60.000000	60	60	TRUE	1147.766357
NA_variant_1	ERR1955419	/misc/rci-rg/ag_kehr/projects/Polaris_Diversity_Cohort/bam/ERR1955419.GRCh38.bam	REF/REF	152.053711	117.130859	186.958496	1.000000	177	0	59.745762	0	60	TRUE	1150.464478
NA_variant_1	ERR1955395	/misc/rci-rg/ag_kehr/projects/Polaris_Diversity_Cohort/bam/ERR1955395.GRCh38.bam	REF/REF	176.333008	140.197266	214.429199	1.000000	213	0	59.953053	40	60	TRUE	1151.414551
NA_variant_1	ERR1955411	/misc/rci-rg/ag_kehr/projects/Polaris_Diversity_Cohort/bam/ERR1955411.GRCh38.bam	REF/VAR	682.020020	397.911133	987.925293	1.000000	196	0	59.813774	7	60	TRUE	1147.119751
NA_variant_1	ERR1955433	/misc/rci-rg/ag_kehr/projects/Polaris_Diversity_Cohort/bam/ERR1955433.GRCh38.bam	VAR/VAR	128.790039	94.696777	165.326172	1.000000	176	0	59.965908	48	60	TRUE	1154.083984
NA_variant_1	ERR1955434	/misc/rci-rg/ag_kehr/projects/Polaris_Diversity_Cohort/bam/ERR1955434.GRCh38.bam	VAR/VAR	112.715332	78.754883	148.977539	1.000000	194	0	59.902061	43	60	TRUE	1152.986450
NA_variant_1	ERR1955393	/misc/rci-rg/ag_kehr/projects/Polaris_Diversity_Cohort/bam/ERR1955393.GRCh38.bam	REF/VAR	615.736816	333.591797	922.510742	1.000000	216	0	59.979168	51	60	TRUE	1150.655029
NA_variant_1	ERR1955428	/misc/rci-rg/ag_kehr/projects/Polaris_Diversity_Cohort/bam/ERR1955428.GRCh38.bam	REF/VAR	576.821289	309.768066	866.154785	1.000000	184	0	59.959240	50	60	TRUE	1146.224731
NA_variant_2	ERR1955433	/misc/rci-rg/ag_kehr/projects/Polaris_Diversity_Cohort/bam/ERR1955433.GRCh38.bam	REF/REF	123.666016	39.343750	177.219727	0.996700	308	0	59.805195	6	60	FALSE	2902.542480
NA_variant_2	ERR1955419	/misc/rci-rg/ag_kehr/projects/Polaris_Diversity_Cohort/bam/ERR1955419.GRCh38.bam	REF/REF	142.328125	117.411133	170.205078	1.000000	284	0	59.943661	40	60	TRUE	2902.852051
NA_variant_2	ERR1955417	/misc/rci-rg/ag_kehr/projects/Polaris_Diversity_Cohort/bam/ERR1955417.GRCh38.bam	REF/REF	123.729492	41.372070	178.811523	0.996500	318	0	60.000000	60	60	FALSE	2895.175537
NA_variant_2	ERR1955394	/misc/rci-rg/ag_kehr/projects/Polaris_Diversity_Cohort/bam/ERR1955394.GRCh38.bam	REF/REF	147.555664	123.878906	173.356445	1.000000	335	0	59.956715	36	60	TRUE	2896.840332
NA_variant_2	ERR1955395	/misc/rci-rg/ag_kehr/projects/Polaris_Diversity_Cohort/bam/ERR1955395.GRCh38.bam	REF/VAR	242.148438	83.729492	427.665039	1.000000	392	0	59.908165	24	60	TRUE	2897.720947
NA_variant_2	ERR1955393	/misc/rci-rg/ag_kehr/projects/Polaris_Diversity_Cohort/bam/ERR1955393.GRCh38.bam	REF/VAR	378.908203	181.758789	602.546875	1.000000	367	0	59.964577	40	60	TRUE	2894.444824
NA_variant_2	ERR1955429	/misc/rci-rg/ag_kehr/projects/Polaris_Diversity_Cohort/bam/ERR1955429.GRCh38.bam	REF/REF	137.220703	114.294922	163.004883	1.000000	329	0	59.908813	40	60	TRUE	2907.796875
NA_variant_2	ERR1955411	/misc/rci-rg/ag_kehr/projects/Polaris_Diversity_Cohort/bam/ERR1955411.GRCh38.bam	REF/VAR	412.695312	209.174805	644.992188	1.000000	351	0	59.839031	40	60	TRUE	2897.066406
NA_variant_2	ERR1955428	/misc/rci-rg/ag_kehr/projects/Polaris_Diversity_Cohort/bam/ERR1955428.GRCh38.bam	REF/VAR	673.090820	400.080078	985.372070	1.000000	364	0	59.780220	18	60	TRUE	2897.932129
NA_variant_2	ERR1955434	/misc/rci-rg/ag_kehr/projects/Polaris_Diversity_Cohort/bam/ERR1955434.GRCh38.bam	REF/VAR	410.793945	201.035156	641.429688	1.000000	395	0	59.946835	40	60	TRUE	2897.219971
NA_variant_3	ERR1955433	/misc/rci-rg/ag_kehr/projects/Polaris_Diversity_Cohort/bam/ERR1955433.GRCh38.bam	VAR/VAR	184.326172	123.017578	248.001953	1.000000	382	0	59.808899	38	60	TRUE	2349.947266
NA_variant_3	ERR1955393	/misc/rci-rg/ag_kehr/projects/Polaris_Diversity_Cohort/bam/ERR1955393.GRCh38.bam	REF/VAR	950.392578	630.769531	1294.283203	1.000000	549	0	59.921677	38	60	TRUE	2347.674805
NA_variant_3	ERR1955395	/misc/rci-rg/ag_kehr/projects/Polaris_Diversity_Cohort/bam/ERR1955395.GRCh38.bam	REF/VAR	1099.255859	758.835938	1467.468750	1.000000	574	0	59.893726	23	60	TRUE	2355.914062
NA_variant_3	ERR1955428	/misc/rci-rg/ag_kehr/projects/Polaris_Diversity_Cohort/bam/ERR1955428.GRCh38.bam	REF/REF	191.921875	106.453125	249.349609	1.000000	560	0	59.928570	17	60	TRUE	2408.781982
NA_variant_3	ERR1955417	/misc/rci-rg/ag_kehr/projects/Polaris_Diversity_Cohort/bam/ERR1955417.GRCh38.bam	REF/REF	254.990234	165.919922	316.285156	1.000000	593	0	59.964588	18	60	TRUE	2330.374023
NA_variant_3	ERR1955419	/misc/rci-rg/ag_kehr/projects/Polaris_Diversity_Cohort/bam/ERR1955419.GRCh38.bam	REF/REF	178.352539	94.561523	235.044922	0.999900	515	0	59.953400	12	60	FALSE	2380.378662
NA_variant_3	ERR1955394	/misc/rci-rg/ag_kehr/projects/Polaris_Diversity_Cohort/bam/ERR1955394.GRCh38.bam	REF/REF	205.533203	68.580078	310.599609	0.997400	677	0	59.993355	51	60	FALSE	2357.946533
NA_variant_3	ERR1955434	/misc/rci-rg/ag_kehr/projects/Polaris_Diversity_Cohort/bam/ERR1955434.GRCh38.bam	REF/VAR	844.792969	494.896484	1231.251953	1.000000	568	0	59.869717	10	60	TRUE	2338.958740
NA_variant_3	ERR1955411	/misc/rci-rg/ag_kehr/projects/Polaris_Diversity_Cohort/bam/ERR1955411.GRCh38.bam	REF/VAR	832.361328	534.001953	1174.033203	1.000000	518	0	59.842663	36	60	TRUE	2387.597656
NA_variant_3	ERR1955429	/misc/rci-rg/ag_kehr/projects/Polaris_Diversity_Cohort/bam/ERR1955429.GRCh38.bam	REF/VAR	896.134766	578.169922	1245.517578	1.000000	488	0	59.777664	14	60	TRUE	2436.194092
NA_variant_4	ERR1955394	/misc/rci-rg/ag_kehr/projects/Polaris_Diversity_Cohort/bam/ERR1955394.GRCh38.bam	REF/REF	307.185547	270.974609	344.871094	1.000000	678	0	59.996311	55	60	TRUE	4012.968262
NA_variant_4	ERR1955393	/misc/rci-rg/ag_kehr/projects/Polaris_Diversity_Cohort/bam/ERR1955393.GRCh38.bam	REF/VAR	860.623047	553.294922	1198.179688	1.000000	728	0	59.961540	24	60	TRUE	4005.645508
NA_variant_4	ERR1955395	/misc/rci-rg/ag_kehr/projects/Polaris_Diversity_Cohort/bam/ERR1955395.GRCh38.bam	REF/VAR	566.763672	311.460938	844.437500	1.000000	727	0	59.998623	58	60	TRUE	4009.705811
NA_variant_4	ERR1955419	/misc/rci-rg/ag_kehr/projects/Polaris_Diversity_Cohort/bam/ERR1955419.GRCh38.bam	REF/VAR	1015.847656	674.390625	1389.083984	1.000000	605	0	59.984299	41	60	TRUE	4025.007568
NA_variant_4	ERR1955433	/misc/rci-rg/ag_kehr/projects/Polaris_Diversity_Cohort/bam/ERR1955433.GRCh38.bam	REF/VAR	604.726562	343.816406	902.419922	1.000000	598	0	59.983276	40	60	TRUE	4012.108154
NA_variant_4	ERR1955411	/misc/rci-rg/ag_kehr/projects/Polaris_Diversity_Cohort/bam/ERR1955411.GRCh38.bam	REF/REF	297.476562	262.541016	334.757812	1.000000	667	0	59.985008	44	60	TRUE	4023.507080
NA_variant_4	ERR1955428	/misc/rci-rg/ag_kehr/projects/Polaris_Diversity_Cohort/bam/ERR1955428.GRCh38.bam	REF/REF	254.640625	223.083984	288.724609	1.000000	573	0	59.897034	18	60	TRUE	4028.557861
NA_variant_4	ERR1955429	/misc/rci-rg/ag_kehr/projects/Polaris_Diversity_Cohort/bam/ERR1955429.GRCh38.bam	REF/REF	321.742188	283.783203	361.763672	1.000000	692	0	59.929913	6	60	TRUE	4047.212891
NA_variant_5	ERR1955394	/misc/rci-rg/ag_kehr/projects/Polaris_Diversity_Cohort/bam/ERR1955394.GRCh38.bam	REF/REF	85.875000	-75.819336	219.811523	0.871800	274	0	60.000000	60	60	FALSE	1902.229980
NA_variant_4	ERR1955434	/misc/rci-rg/ag_kehr/projects/Polaris_Diversity_Cohort/bam/ERR1955434.GRCh38.bam	REF/REF	360.833984	320.205078	402.652344	1.000000	703	0	59.941677	6	60	TRUE	4005.245117
NA_variant_4	ERR1955417	/misc/rci-rg/ag_kehr/projects/Polaris_Diversity_Cohort/bam/ERR1955417.GRCh38.bam	REF/VAR	778.869141	486.509766	1098.601562	1.000000	648	0	59.983795	40	60	TRUE	3999.451172
NA_variant_5	ERR1955395	/misc/rci-rg/ag_kehr/projects/Polaris_Diversity_Cohort/bam/ERR1955395.GRCh38.bam	REF/REF	229.585938	139.660156	292.116211	1.000000	277	0	59.989170	54	60	TRUE	1907.764160
NA_variant_5	ERR1955393	/misc/rci-rg/ag_kehr/projects/Polaris_Diversity_Cohort/bam/ERR1955393.GRCh38.bam	REF/REF	288.170898	253.753906	323.492188	1.000000	289	0	59.974049	45	60	TRUE	1897.210205
NA_variant_5	ERR1955417	/misc/rci-rg/ag_kehr/projects/Polaris_Diversity_Cohort/bam/ERR1955417.GRCh38.bam	REF/VAR	318.017578	149.995117	512.789551	1.000000	246	0	60.000000	60	60	TRUE	1893.529053
NA_variant_5	ERR1955434	/misc/rci-rg/ag_kehr/projects/Polaris_Diversity_Cohort/bam/ERR1955434.GRCh38.bam	REF/VAR	601.215820	348.558594	881.558594	1.000000	295	0	59.871185	34	60	TRUE	1896.326904
NA_variant_5	ERR1955433	/misc/rci-rg/ag_kehr/projects/Polaris_Diversity_Cohort/bam/ERR1955433.GRCh38.bam	REF/VAR	359.698242	167.841797	580.110352	1.000000	247	0	60.000000	60	60	TRUE	1911.070190
NA_variant_5	ERR1955419	/misc/rci-rg/ag_kehr/projects/Polaris_Diversity_Cohort/bam/ERR1955419.GRCh38.bam	REF/REF	194.732422	166.515625	224.666504	1.000000	220	0	59.845455	30	60	TRUE	1918.688721
NA_variant_5	ERR1955411	/misc/rci-rg/ag_kehr/projects/Polaris_Diversity_Cohort/bam/ERR1955411.GRCh38.bam	REF/VAR	422.047363	211.690430	661.784180	1.000000	231	0	59.887447	36	60	TRUE	1913.182129
NA_variant_5	ERR1955429	/misc/rci-rg/ag_kehr/projects/Polaris_Diversity_Cohort/bam/ERR1955429.GRCh38.bam	REF/REF	231.464355	201.038574	263.919434	1.000000	254	0	60.000000	60	60	TRUE	1948.526001
NA_variant_5	ERR1955428	/misc/rci-rg/ag_kehr/projects/Polaris_Diversity_Cohort/bam/ERR1955428.GRCh38.bam	REF/REF	175.625977	90.427246	232.607910	0.999600	224	0	59.984375	53	60	FALSE	1928.432495
NA_variant_6	ERR1955417	/misc/rci-rg/ag_kehr/projects/Polaris_Diversity_Cohort/bam/ERR1955417.GRCh38.bam	REF/REF	327.062500	297.533203	360.023438	1.000000	670	0	59.930595	39	60	TRUE	4770.818359
NA_variant_6	ERR1955394	/misc/rci-rg/ag_kehr/projects/Polaris_Diversity_Cohort/bam/ERR1955394.GRCh38.bam	REF/VAR	771.101562	478.925781	1084.732422	1.000000	782	0	59.696930	6	60	TRUE	4832.321777
NA_variant_6	ERR1955395	/misc/rci-rg/ag_kehr/projects/Polaris_Diversity_Cohort/bam/ERR1955395.GRCh38.bam	REF/VAR	403.527344	198.828125	641.136719	1.000000	837	0	59.735962	1	60	TRUE	4824.740234
NA_variant_6	ERR1955434	/misc/rci-rg/ag_kehr/projects/Polaris_Diversity_Cohort/bam/ERR1955434.GRCh38.bam	REF/VAR	660.894531	384.974609	957.425781	1.000000	825	0	59.638184	6	60	TRUE	4790.902344
NA_variant_6	ERR1955419	/misc/rci-rg/ag_kehr/projects/Polaris_Diversity_Cohort/bam/ERR1955419.GRCh38.bam	REF/REF	247.437500	218.277344	277.171875	1.000000	591	0	59.943317	40	60	TRUE	4880.848633
NA_variant_6	ERR1955433	/misc/rci-rg/ag_kehr/projects/Polaris_Diversity_Cohort/bam/ERR1955433.GRCh38.bam	REF/VAR	413.931641	213.171875	650.330078	1.000000	682	0	59.730206	0	60	TRUE	4814.348633
NA_variant_6	ERR1955411	/misc/rci-rg/ag_kehr/projects/Polaris_Diversity_Cohort/bam/ERR1955411.GRCh38.bam	REF/REF	309.734375	277.082031	344.011719	1.000000	740	0	59.853378	6	60	TRUE	4894.213867
NA_variant_6	ERR1955393	/misc/rci-rg/ag_kehr/projects/Polaris_Diversity_Cohort/bam/ERR1955393.GRCh38.bam	VAR/VAR	180.308594	113.585938	248.898438	1.000000	973	0	59.527748	0	60	TRUE	4807.674805
NA_variant_6	ERR1955428	/misc/rci-rg/ag_kehr/projects/Polaris_Diversity_Cohort/bam/ERR1955428.GRCh38.bam	REF/VAR	640.914062	375.572266	941.894531	1.000000	815	0	59.832516	11	60	TRUE	4935.413574
NA_variant_6	ERR1955429	/misc/rci-rg/ag_kehr/projects/Polaris_Diversity_Cohort/bam/ERR1955429.GRCh38.bam	VAR/VAR	158.527344	96.578125	222.355469	1.000000	934	0	59.268738	0	60	TRUE	4997.954590
NA_variant_7	ERR1955394	/misc/rci-rg/ag_kehr/projects/Polaris_Diversity_Cohort/bam/ERR1955394.GRCh38.bam	REF/REF	357.463867	332.430664	382.785156	1.000000	501	0	59.979042	49	60	TRUE	1402.591919
NA_variant_7	ERR1955417	/misc/rci-rg/ag_kehr/projects/Polaris_Diversity_Cohort/bam/ERR1955417.GRCh38.bam	REF/REF	344.521484	320.268555	369.683594	1.000000	474	0	59.936710	40	60	TRUE	1383.814697
NA_variant_7	ERR1955393	/misc/rci-rg/ag_kehr/projects/Polaris_Diversity_Cohort/bam/ERR1955393.GRCh38.bam	REF/REF	353.395508	329.262695	378.666016	1.000000	504	0	60.000000	60	60	TRUE	1394.633179
NA_variant_7	ERR1955395	/misc/rci-rg/ag_kehr/projects/Polaris_Diversity_Cohort/bam/ERR1955395.GRCh38.bam	REF/REF	383.853516	357.488281	410.423828	1.000000	530	0	59.938679	40	60	TRUE	1400.537720
NA_variant_7	ERR1955434	/misc/rci-rg/ag_kehr/projects/Polaris_Diversity_Cohort/bam/ERR1955434.GRCh38.bam	REF/REF	355.345703	269.738281	410.273438	1.000000	559	0	59.936493	13	60	TRUE	1390.166870
NA_variant_7	ERR1955419	/misc/rci-rg/ag_kehr/projects/Polaris_Diversity_Cohort/bam/ERR1955419.GRCh38.bam	REF/VAR	780.106445	458.943359	1131.943359	1.000000	259	0	59.986488	53	60	TRUE	1418.166748
NA_variant_7	ERR1955433	/misc/rci-rg/ag_kehr/projects/Polaris_Diversity_Cohort/bam/ERR1955433.GRCh38.bam	REF/REF	352.379883	327.480469	378.531250	1.000000	462	0	59.983765	45	60	TRUE	1398.407593
SPINK14	ERR1955394	/misc/rci-rg/ag_kehr/projects/Polaris_Diversity_Cohort/bam/ERR1955394.GRCh38.bam	VAR/VAR	93.178711	-75.381836	242.659180	0.867300	247	0	60.000000	60	60	FALSE	1332.716553
SPINK14	ERR1955393	/misc/rci-rg/ag_kehr/projects/Polaris_Diversity_Cohort/bam/ERR1955393.GRCh38.bam	VAR/VAR	319.453125	245.755859	394.573242	1.000000	244	0	59.932377	42	60	TRUE	1321.285156
SPINK14	ERR1955395	/misc/rci-rg/ag_kehr/projects/Polaris_Diversity_Cohort/bam/ERR1955395.GRCh38.bam	REF/VAR	1347.311523	954.776367	1745.025391	1.000000	373	0	59.851208	12	60	TRUE	1333.811401
SPINK14	ERR1955417	/misc/rci-rg/ag_kehr/projects/Polaris_Diversity_Cohort/bam/ERR1955417.GRCh38.bam	REF/REF	320.667969	285.735352	354.096680	1.000000	406	0	59.955666	40	60	TRUE	1301.896973
NA_variant_7	ERR1955411	/misc/rci-rg/ag_kehr/projects/Polaris_Diversity_Cohort/bam/ERR1955411.GRCh38.bam	REF/REF	377.673828	351.345703	405.095703	1.000000	518	0	59.974903	40	60	TRUE	1421.149048
NA_variant_7	ERR1955429	/misc/rci-rg/ag_kehr/projects/Polaris_Diversity_Cohort/bam/ERR1955429.GRCh38.bam	REF/REF	300.804688	276.133789	326.019531	1.000000	441	0	59.985260	47	60	TRUE	1454.649536
SPINK14	ERR1955419	/misc/rci-rg/ag_kehr/projects/Polaris_Diversity_Cohort/bam/ERR1955419.GRCh38.bam	VAR/VAR	306.546875	235.302734	377.267578	1.000000	218	0	59.972477	48	60	TRUE	1362.360474
NA_variant_7	ERR1955428	/misc/rci-rg/ag_kehr/projects/Polaris_Diversity_Cohort/bam/ERR1955428.GRCh38.bam	REF/REF	295.619141	209.603516	349.418945	1.000000	464	0	59.971981	40	60	TRUE	1434.006348
SPINK14	ERR1955433	/misc/rci-rg/ag_kehr/projects/Polaris_Diversity_Cohort/bam/ERR1955433.GRCh38.bam	VAR/VAR	347.324219	275.448242	420.503906	1.000000	228	0	60.000000	60	60	TRUE	1328.216187
SPINK14	ERR1955434	/misc/rci-rg/ag_kehr/projects/Polaris_Diversity_Cohort/bam/ERR1955434.GRCh38.bam	REF/VAR	1447.376953	1020.149414	1904.563477	1.000000	336	0	59.976189	44	60	TRUE	1311.277344
SPINK14	ERR1955411	/misc/rci-rg/ag_kehr/projects/Polaris_Diversity_Cohort/bam/ERR1955411.GRCh38.bam	VAR/VAR	242.092773	173.752930	311.010742	1.000000	208	0	59.923077	42	60	TRUE	1368.648071
SPINK14	ERR1955429	/misc/rci-rg/ag_kehr/projects/Polaris_Diversity_Cohort/bam/ERR1955429.GRCh38.bam	REF/VAR	1502.271484	1088.957031	1925.719727	1.000000	321	0	59.993771	56	60	TRUE	1435.774658
SVAE	ERR1955393	/misc/rci-rg/ag_kehr/projects/Polaris_Diversity_Cohort/bam/ERR1955393.GRCh38.bam	REF/VAR	655.722656	383.625977	940.615234	1.000000	356	0	44.492977	0	60	FALSE	2064.295898
SVAE	ERR1955394	/misc/rci-rg/ag_kehr/projects/Polaris_Diversity_Cohort/bam/ERR1955394.GRCh38.bam	VAR/VAR	110.685547	-30.228516	231.603516	0.943100	295	0	45.391525	0	60	FALSE	2081.665039
SVAE	ERR1955395	/misc/rci-rg/ag_kehr/projects/Polaris_Diversity_Cohort/bam/ERR1955395.GRCh38.bam	REF/VAR	686.648438	419.044922	974.656250	1.000000	353	0	45.235126	0	60	FALSE	2078.267090
SPINK14	ERR1955428	/misc/rci-rg/ag_kehr/projects/Polaris_Diversity_Cohort/bam/ERR1955428.GRCh38.bam	REF/VAR	1363.888672	980.790039	1768.534180	1.000000	330	0	60.000000	60	60	TRUE	1398.856812
SVAE	ERR1955417	/misc/rci-rg/ag_kehr/projects/Polaris_Diversity_Cohort/bam/ERR1955417.GRCh38.bam	VAR/VAR	6.957031	-49.825195	64.470703	0.575800	289	0	42.737022	0	60	FALSE	2034.738281
SVAE	ERR1955433	/misc/rci-rg/ag_kehr/projects/Polaris_Diversity_Cohort/bam/ERR1955433.GRCh38.bam	VAR/VAR	44.532227	-126.545898	193.488281	0.727000	304	0	42.805920	0	60	FALSE	2067.175293
SVAE	ERR1955411	/misc/rci-rg/ag_kehr/projects/Polaris_Diversity_Cohort/bam/ERR1955411.GRCh38.bam	REF/VAR	737.226562	423.029297	1083.216797	1.000000	385	0	39.370129	0	60	FALSE	2133.780762
SVAE	ERR1955434	/misc/rci-rg/ag_kehr/projects/Polaris_Diversity_Cohort/bam/ERR1955434.GRCh38.bam	VAR/VAR	119.171875	48.520508	194.182617	0.999900	325	0	45.390770	0	60	FALSE	2048.748535
SVAE	ERR1955419	/misc/rci-rg/ag_kehr/projects/Polaris_Diversity_Cohort/bam/ERR1955419.GRCh38.bam	REF/VAR	639.666016	371.134766	931.531250	1.000000	346	0	37.908958	0	60	FALSE	2119.972656
SVAE	ERR1955429	/misc/rci-rg/ag_kehr/projects/Polaris_Diversity_Cohort/bam/ERR1955429.GRCh38.bam	REF/REF	56.461914	-55.961914	132.682617	0.858000	407	0	35.662163	0	60	FALSE	2220.414307
SVAE	ERR1955428	/misc/rci-rg/ag_kehr/projects/Polaris_Diversity_Cohort/bam/ERR1955428.GRCh38.bam	REF/VAR	945.854492	599.127930	1323.501953	1.000000	347	0	40.293949	0	60	FALSE	2172.067383
ShortInversion	ERR1955393	/misc/rci-rg/ag_kehr/projects/Polaris_Diversity_Cohort/bam/ERR1955393.GRCh38.bam	REF/VAR	972.833984	618.488281	1346.857422	1.000000	337	0	59.943619	40	60	TRUE	1864.272827
ShortInversion	ERR1955395	/misc/rci-rg/ag_kehr/projects/Polaris_Diversity_Cohort/bam/ERR1955395.GRCh38.bam	VAR/VAR	287.139160	217.180176	359.204102	1.000000	224	0	60.000000	60	60	TRUE	1874.860718
ShortInversion	ERR1955417	/misc/rci-rg/ag_kehr/projects/Polaris_Diversity_Cohort/bam/ERR1955417.GRCh38.bam	REF/VAR	1000.477539	665.585938	1350.543945	1.000000	306	0	59.955883	40	60	TRUE	1842.295776
ShortInversion	ERR1955434	/misc/rci-rg/ag_kehr/projects/Polaris_Diversity_Cohort/bam/ERR1955434.GRCh38.bam	VAR/VAR	283.077148	212.510254	356.502441	1.000000	236	0	59.938560	40	60	TRUE	1852.883179
ShortInversion	ERR1955394	/misc/rci-rg/ag_kehr/projects/Polaris_Diversity_Cohort/bam/ERR1955394.GRCh38.bam	REF/VAR	850.349609	507.700195	1219.889648	1.000000	365	0	59.926029	6	60	TRUE	1877.335449
ShortInversion	ERR1955419	/misc/rci-rg/ag_kehr/projects/Polaris_Diversity_Cohort/bam/ERR1955419.GRCh38.bam	REF/REF	200.622070	175.551758	227.095703	1.000000	367	0	59.961853	45	60	TRUE	1905.965332
ShortInversion	ERR1955433	/misc/rci-rg/ag_kehr/projects/Polaris_Diversity_Cohort/bam/ERR1955433.GRCh38.bam	REF/REF	177.541016	153.854492	202.344727	1.000000	363	0	60.000000	60	60	TRUE	1866.923828
ShortInversion	ERR1955411	/misc/rci-rg/ag_kehr/projects/Polaris_Diversity_Cohort/bam/ERR1955411.GRCh38.bam	REF/REF	178.250977	153.911133	203.628906	1.000000	386	0	59.968910	36	60	TRUE	1915.741577
ShortInversion	ERR1955429	/misc/rci-rg/ag_kehr/projects/Polaris_Diversity_Cohort/bam/ERR1955429.GRCh38.bam	REF/REF	192.675781	166.218750	219.447266	1.000000	409	0	59.975552	40	60	TRUE	1979.686279
ShortInversion	ERR1955428	/misc/rci-rg/ag_kehr/projects/Polaris_Diversity_Cohort/bam/ERR1955428.GRCh38.bam	REF/REF	210.572266	182.645508	238.902344	1.000000	457	0	60.000000	60	60	TRUE	1943.882935
svVariant_1	ERR1955419	/misc/rci-rg/ag_kehr/projects/Polaris_Diversity_Cohort/bam/ERR1955419.GRCh38.bam	VAR/VAR	137.416992	75.115723	202.508789	1.000000	187	0	59.679146	0	60	TRUE	1490.243652
svVariant_1	ERR1955428	/misc/rci-rg/ag_kehr/projects/Polaris_Diversity_Cohort/bam/ERR1955428.GRCh38.bam	VAR/VAR	325.423828	247.801758	401.296875	1.000000	230	0	59.945652	40	60	TRUE	1511.066040
svVariant_1	ERR1955433	/misc/rci-rg/ag_kehr/projects/Polaris_Diversity_Cohort/bam/ERR1955433.GRCh38.bam	VAR/VAR	247.614258	175.750977	323.529297	1.000000	207	0	60.000000	60	60	TRUE	1464.658447
svVariant_1	ERR1955429	/misc/rci-rg/ag_kehr/projects/Polaris_Diversity_Cohort/bam/ERR1955429.GRCh38.bam	VAR/VAR	157.166992	54.743164	244.540039	0.998200	242	0	59.958679	40	60	FALSE	1536.888672
svVariant_1	ERR1955417	/misc/rci-rg/ag_kehr/projects/Polaris_Diversity_Cohort/bam/ERR1955417.GRCh38.bam	VAR/VAR	273.379883	196.240234	349.556641	1.000000	226	0	60.000000	60	60	TRUE	1447.237427
svVariant_1	ERR1955434	/misc/rci-rg/ag_kehr/projects/Polaris_Diversity_Cohort/bam/ERR1955434.GRCh38.bam	VAR/VAR	236.900391	160.411133	314.909180	1.000000	249	0	59.973896	47	60	TRUE	1455.067017
svVariant_1	ERR1955393	/misc/rci-rg/ag_kehr/projects/Polaris_Diversity_Cohort/bam/ERR1955393.GRCh38.bam	REF/VAR	1426.377930	1009.571289	1882.426758	1.000000	336	0	59.916668	36	60	TRUE	1461.265137
svVariant_1	ERR1955394	/misc/rci-rg/ag_kehr/projects/Polaris_Diversity_Cohort/bam/ERR1955394.GRCh38.bam	VAR/VAR	300.270508	221.389648	382.137695	1.000000	245	0	60.000000	60	60	TRUE	1471.128296
svVariant_1	ERR1955411	/misc/rci-rg/ag_kehr/projects/Polaris_Diversity_Cohort/bam/ERR1955411.GRCh38.bam	REF/VAR	1273.323242	875.932617	1702.197266	1.000000	322	0	59.892857	28	60	TRUE	1494.809448
svVariant_1	ERR1955395	/misc/rci-rg/ag_kehr/projects/Polaris_Diversity_Cohort/bam/ERR1955395.GRCh38.bam	REF/VAR	1371.736328	957.009766	1815.653320	1.000000	361	0	59.980610	46	60	TRUE	1468.222656
svVariant_10	ERR1955394	/misc/rci-rg/ag_kehr/projects/Polaris_Diversity_Cohort/bam/ERR1955394.GRCh38.bam	REF/REF	110.161133	-53.472656	243.158203	0.915300	494	0	60.000000	60	60	FALSE	3274.080322
svVariant_10	ERR1955393	/misc/rci-rg/ag_kehr/projects/Polaris_Diversity_Cohort/bam/ERR1955393.GRCh38.bam	REF/REF	285.201172	251.788086	321.965820	1.000000	487	0	59.956879	18	60	TRUE	3260.843506
svVariant_10	ERR1955434	/misc/rci-rg/ag_kehr/projects/Polaris_Diversity_Cohort/bam/ERR1955434.GRCh38.bam	REF/REF	265.078125	231.000000	300.618164	1.000000	485	0	59.971134	40	60	TRUE	3248.782959
svVariant_10	ERR1955417	/misc/rci-rg/ag_kehr/projects/Polaris_Diversity_Cohort/bam/ERR1955417.GRCh38.bam	REF/REF	270.581055	238.000000	305.867188	1.000000	442	0	59.943439	24	60	TRUE	3238.499023
svVariant_10	ERR1955433	/misc/rci-rg/ag_kehr/projects/Polaris_Diversity_Cohort/bam/ERR1955433.GRCh38.bam	REF/VAR	508.163086	262.918945	768.919922	1.000000	444	0	60.000000	60	60	TRUE	3273.467773
svVariant_10	ERR1955419	/misc/rci-rg/ag_kehr/projects/Polaris_Diversity_Cohort/bam/ERR1955419.GRCh38.bam	REF/VAR	510.048828	283.823242	765.304688	1.000000	418	0	59.991627	53	60	TRUE	3312.075439
svVariant_10	ERR1955428	/misc/rci-rg/ag_kehr/projects/Polaris_Diversity_Cohort/bam/ERR1955428.GRCh38.bam	REF/VAR	646.138672	377.006836	935.263672	1.000000	459	0	59.982571	44	60	TRUE	3353.825684
svVariant_10	ERR1955429	/misc/rci-rg/ag_kehr/projects/Polaris_Diversity_Cohort/bam/ERR1955429.GRCh38.bam	REF/VAR	787.027344	492.470703	1109.419922	1.000000	493	0	59.914806	6	60	TRUE	3398.181885
svVariant_10	ERR1955411	/misc/rci-rg/ag_kehr/projects/Polaris_Diversity_Cohort/bam/ERR1955411.GRCh38.bam	REF/VAR	722.169922	441.332031	1037.236328	1.000000	466	0	59.950645	40	60	TRUE	3316.773682
svVariant_10	ERR1955395	/misc/rci-rg/ag_kehr/projects/Polaris_Diversity_Cohort/bam/ERR1955395.GRCh38.bam	VAR/VAR	106.841797	54.419922	162.146484	1.000000	551	0	59.945553	0	60	TRUE	3277.980225
svVariant_2	ERR1955394	/misc/rci-rg/ag_kehr/projects/Polaris_Diversity_Cohort/bam/ERR1955394.GRCh38.bam	REF/REF	188.989258	106.346680	244.867188	1.000000	400	0	59.992500	54	60	TRUE	2999.722656
svVariant_2	ERR1955393	/misc/rci-rg/ag_kehr/projects/Polaris_Diversity_Cohort/bam/ERR1955393.GRCh38.bam	REF/REF	182.758789	96.649414	239.978516	0.999800	376	0	59.970745	40	60	FALSE	2985.713867
svVariant_2	ERR1955419	/misc/rci-rg/ag_kehr/projects/Polaris_Diversity_Cohort/bam/ERR1955419.GRCh38.bam	REF/VAR	405.563477	198.055664	643.023438	1.000000	321	0	59.898754	15	60	TRUE	3031.911621
svVariant_2	ERR1955433	/misc/rci-rg/ag_kehr/projects/Polaris_Diversity_Cohort/bam/ERR1955433.GRCh38.bam	REF/VAR	283.817383	113.453125	479.211914	1.000000	334	0	59.937126	18	60	TRUE	2999.227783
svVariant_2	ERR1955411	/misc/rci-rg/ag_kehr/projects/Polaris_Diversity_Cohort/bam/ERR1955411.GRCh38.bam	REF/VAR	659.586914	392.682617	950.188477	1.000000	425	0	59.952942	40	60	TRUE	3033.049805
svVariant_2	ERR1955417	/misc/rci-rg/ag_kehr/projects/Polaris_Diversity_Cohort/bam/ERR1955417.GRCh38.bam	REF/VAR	554.099609	310.133789	823.567383	1.000000	409	0	59.975552	40	60	TRUE	2968.428711
svVariant_2	ERR1955395	/misc/rci-rg/ag_kehr/projects/Polaris_Diversity_Cohort/bam/ERR1955395.GRCh38.bam	REF/VAR	346.629883	151.000000	569.720703	0.999900	445	0	59.883144	0	60	FALSE	3000.524902
svVariant_2	ERR1955434	/misc/rci-rg/ag_kehr/projects/Polaris_Diversity_Cohort/bam/ERR1955434.GRCh38.bam	REF/REF	240.468750	211.724609	271.473633	1.000000	421	0	59.857483	0	60	TRUE	2978.242676
svVariant_2	ERR1955428	/misc/rci-rg/ag_kehr/projects/Polaris_Diversity_Cohort/bam/ERR1955428.GRCh38.bam	VAR/VAR	128.907227	79.440430	181.171875	1.000000	415	0	59.981926	45	60	TRUE	3061.251953
svVariant_2	ERR1955429	/misc/rci-rg/ag_kehr/projects/Polaris_Diversity_Cohort/bam/ERR1955429.GRCh38.bam	REF/REF	190.153320	164.340820	217.430664	1.000000	360	0	59.955555	28	60	TRUE	3101.907471
svVariant_3	ERR1955394	/misc/rci-rg/ag_kehr/projects/Polaris_Diversity_Cohort/bam/ERR1955394.GRCh38.bam	REF/VAR	814.907227	517.089844	1133.750000	1.000000	335	0	59.505970	1	60	TRUE	1968.733521
svVariant_3	ERR1955393	/misc/rci-rg/ag_kehr/projects/Polaris_Diversity_Cohort/bam/ERR1955393.GRCh38.bam	REF/VAR	534.982422	297.509766	799.756836	1.000000	340	0	59.205883	0	60	TRUE	1955.945923
svVariant_3	ERR1955417	/misc/rci-rg/ag_kehr/projects/Polaris_Diversity_Cohort/bam/ERR1955417.GRCh38.bam	VAR/VAR	155.015625	98.958008	213.376953	1.000000	235	0	58.006382	0	60	TRUE	1935.047974
svVariant_3	ERR1955395	/misc/rci-rg/ag_kehr/projects/Polaris_Diversity_Cohort/bam/ERR1955395.GRCh38.bam	VAR/VAR	174.629883	115.054688	236.326172	1.000000	251	0	57.699203	0	60	TRUE	1965.612305
svVariant_3	ERR1955434	/misc/rci-rg/ag_kehr/projects/Polaris_Diversity_Cohort/bam/ERR1955434.GRCh38.bam	REF/VAR	816.102539	521.304688	1133.733398	1.000000	335	0	59.571640	5	60	TRUE	1945.761108
svVariant_3	ERR1955433	/misc/rci-rg/ag_kehr/projects/Polaris_Diversity_Cohort/bam/ERR1955433.GRCh38.bam	REF/VAR	830.226562	495.826172	1181.279297	1.000000	284	0	59.142605	0	60	TRUE	1958.863403
svVariant_3	ERR1955429	/misc/rci-rg/ag_kehr/projects/Polaris_Diversity_Cohort/bam/ERR1955429.GRCh38.bam	VAR/VAR	79.893555	-12.520508	156.531250	0.958900	271	0	58.939114	0	60	FALSE	2064.257812
svVariant_3	ERR1955419	/misc/rci-rg/ag_kehr/projects/Polaris_Diversity_Cohort/bam/ERR1955419.GRCh38.bam	REF/REF	182.124023	152.928711	212.191406	1.000000	366	0	59.081966	0	60	TRUE	1996.135132
svVariant_3	ERR1955411	/misc/rci-rg/ag_kehr/projects/Polaris_Diversity_Cohort/bam/ERR1955411.GRCh38.bam	REF/REF	145.209961	30.892578	228.309570	0.991800	412	0	59.241505	0	60	FALSE	2004.746460
svVariant_3	ERR1955428	/misc/rci-rg/ag_kehr/projects/Polaris_Diversity_Cohort/bam/ERR1955428.GRCh38.bam	REF/REF	205.611328	176.851562	234.708984	1.000000	408	0	59.074757	0	60	TRUE	2029.546753
svVariant_4	ERR1955394	/misc/rci-rg/ag_kehr/projects/Polaris_Diversity_Cohort/bam/ERR1955394.GRCh38.bam	REF/VAR	389.410156	146.640625	662.469727	0.999600	456	0	60.000000	60	60	FALSE	2427.438477
svVariant_4	ERR1955393	/misc/rci-rg/ag_kehr/projects/Polaris_Diversity_Cohort/bam/ERR1955393.GRCh38.bam	REF/VAR	872.333984	533.694336	1238.037109	1.000000	447	0	60.000000	60	60	TRUE	2428.988281
svVariant_4	ERR1955417	/misc/rci-rg/ag_kehr/projects/Polaris_Diversity_Cohort/bam/ERR1955417.GRCh38.bam	VAR/VAR	77.914062	43.040039	114.310547	1.000000	427	0	59.984779	52	60	TRUE	2430.235596
svVariant_4	ERR1955395	/misc/rci-rg/ag_kehr/projects/Polaris_Diversity_Cohort/bam/ERR1955395.GRCh38.bam	REF/REF	232.328125	191.472656	275.390625	1.000000	446	0	59.892376	0	60	TRUE	2433.557861
svVariant_4	ERR1955419	/misc/rci-rg/ag_kehr/projects/Polaris_Diversity_Cohort/bam/ERR1955419.GRCh38.bam	REF/VAR	593.123047	323.164062	893.092773	1.000000	373	0	59.967827	40	60	TRUE	2433.442383
svVariant_4	ERR1955411	/misc/rci-rg/ag_kehr/projects/Polaris_Diversity_Cohort/bam/ERR1955411.GRCh38.bam	VAR/VAR	110.876953	70.724609	151.412109	1.000000	451	0	59.994457	55	60	TRUE	2429.009033
svVariant_4	ERR1955433	/misc/rci-rg/ag_kehr/projects/Polaris_Diversity_Cohort/bam/ERR1955433.GRCh38.bam	REF/REF	212.753906	172.838867	255.138672	1.000000	417	0	60.000000	60	60	TRUE	2436.091797
svVariant_4	ERR1955434	/misc/rci-rg/ag_kehr/projects/Polaris_Diversity_Cohort/bam/ERR1955434.GRCh38.bam	VAR/VAR	109.419922	69.818359	150.535156	1.000000	436	0	59.967892	46	60	TRUE	2429.676514
svVariant_4	ERR1955429	/misc/rci-rg/ag_kehr/projects/Polaris_Diversity_Cohort/bam/ERR1955429.GRCh38.bam	REF/REF	186.926758	151.067383	224.868164	1.000000	420	0	59.976189	40	60	TRUE	2443.168213
svVariant_4	ERR1955428	/misc/rci-rg/ag_kehr/projects/Polaris_Diversity_Cohort/bam/ERR1955428.GRCh38.bam	REF/VAR	768.509766	447.905273	1110.530273	1.000000	394	0	59.931473	40	60	TRUE	2436.630859
svVariant_5	ERR1955419	/misc/rci-rg/ag_kehr/projects/Polaris_Diversity_Cohort/bam/ERR1955419.GRCh38.bam	REF/VAR	2526.398438	1883.218750	3212.375000	1.000000	2506	0	37.731243	0	60	FALSE	2400.794189
svVariant_5	ERR1955394	/misc/rci-rg/ag_kehr/projects/Polaris_Diversity_Cohort/bam/ERR1955394.GRCh38.bam	REF/VAR	3661.562500	2899.742188	4462.796875	1.000000	3259	0	36.548943	0	60	FALSE	2350.441895
svVariant_5	ERR1955433	/misc/rci-rg/ag_kehr/projects/Polaris_Diversity_Cohort/bam/ERR1955433.GRCh38.bam	REF/VAR	3980.671875	3228.468750	4791.546875	1.000000	2638	0	36.536201	0	60	FALSE	2331.543213
svVariant_5	ERR1955428	/misc/rci-rg/ag_kehr/projects/Polaris_Diversity_Cohort/bam/ERR1955428.GRCh38.bam	REF/VAR	2920.210938	2241.929688	3624.000000	1.000000	2766	0	37.346531	0	60	FALSE	2470.168945
svVariant_5	ERR1955411	/misc/rci-rg/ag_kehr/projects/Polaris_Diversity_Cohort/bam/ERR1955411.GRCh38.bam	REF/VAR	3131.898438	2434.343750	3872.296875	1.000000	2829	0	36.070698	0	60	FALSE	2419.304199
svVariant_5	ERR1955429	/misc/rci-rg/ag_kehr/projects/Polaris_Diversity_Cohort/bam/ERR1955429.GRCh38.bam	REF/VAR	3231.898438	2545.648438	3971.039062	1.000000	2900	0	37.868965	0	60	FALSE	2534.323486
svVariant_5	ERR1955417	/misc/rci-rg/ag_kehr/projects/Polaris_Diversity_Cohort/bam/ERR1955417.GRCh38.bam	REF/VAR	1996.195312	1386.398438	2662.046875	1.000000	2902	0	36.631115	0	60	FALSE	2289.206055
svVariant_5	ERR1955434	/misc/rci-rg/ag_kehr/projects/Polaris_Diversity_Cohort/bam/ERR1955434.GRCh38.bam	REF/VAR	1559.726562	971.593750	2172.492188	1.000000	3209	0	37.528515	0	60	FALSE	2307.395264
svVariant_6	ERR1955394	/misc/rci-rg/ag_kehr/projects/Polaris_Diversity_Cohort/bam/ERR1955394.GRCh38.bam	VAR/VAR	225.536621	123.242676	309.186523	1.000000	198	0	59.921719	45	60	TRUE	1674.243530
svVariant_6	ERR1955395	/misc/rci-rg/ag_kehr/projects/Polaris_Diversity_Cohort/bam/ERR1955395.GRCh38.bam	VAR/VAR	247.361328	179.838867	315.051758	1.000000	214	0	59.546730	28	60	TRUE	1671.928223
svVariant_5	ERR1955393	/misc/rci-rg/ag_kehr/projects/Polaris_Diversity_Cohort/bam/ERR1955393.GRCh38.bam	REF/VAR	4223.343750	3403.406250	5055.632812	1.000000	3273	0	37.260159	0	60	FALSE	2327.852295
svVariant_6	ERR1955393	/misc/rci-rg/ag_kehr/projects/Polaris_Diversity_Cohort/bam/ERR1955393.GRCh38.bam	REF/VAR	822.096680	496.573242	1169.795898	1.000000	286	0	59.951050	40	60	TRUE	1661.437866
svVariant_6	ERR1955434	/misc/rci-rg/ag_kehr/projects/Polaris_Diversity_Cohort/bam/ERR1955434.GRCh38.bam	VAR/VAR	296.467773	226.175781	366.834961	1.000000	229	0	59.772926	15	60	TRUE	1650.018433
svVariant_5	ERR1955395	/misc/rci-rg/ag_kehr/projects/Polaris_Diversity_Cohort/bam/ERR1955395.GRCh38.bam	REF/VAR	4527.273438	3697.507812	5375.046875	1.000000	3241	0	36.663219	0	60	FALSE	2346.133301
svVariant_6	ERR1955417	/misc/rci-rg/ag_kehr/projects/Polaris_Diversity_Cohort/bam/ERR1955417.GRCh38.bam	VAR/VAR	262.518555	198.842285	326.956543	1.000000	181	0	59.621548	26	60	TRUE	1639.692383
svVariant_6	ERR1955433	/misc/rci-rg/ag_kehr/projects/Polaris_Diversity_Cohort/bam/ERR1955433.GRCh38.bam	VAR/VAR	200.103027	139.985352	263.956543	1.000000	183	0	59.669399	29	60	TRUE	1663.929077
svVariant_6	ERR1955419	/misc/rci-rg/ag_kehr/projects/Polaris_Diversity_Cohort/bam/ERR1955419.GRCh38.bam	REF/VAR	726.008789	444.998535	1036.484863	1.000000	220	0	59.911366	30	60	TRUE	1702.374390
svVariant_6	ERR1955429	/misc/rci-rg/ag_kehr/projects/Polaris_Diversity_Cohort/bam/ERR1955429.GRCh38.bam	VAR/VAR	200.224609	140.508789	264.019043	1.000000	203	0	59.881775	40	60	TRUE	1774.496826
svVariant_6	ERR1955411	/misc/rci-rg/ag_kehr/projects/Polaris_Diversity_Cohort/bam/ERR1955411.GRCh38.bam	VAR/VAR	209.146973	146.577148	274.392090	1.000000	220	0	59.756817	30	60	TRUE	1712.131836
svVariant_6	ERR1955428	/misc/rci-rg/ag_kehr/projects/Polaris_Diversity_Cohort/bam/ERR1955428.GRCh38.bam	VAR/VAR	284.662109	219.432617	352.051270	1.000000	208	0	59.697117	30	60	TRUE	1739.837036
svVariant_7	ERR1955394	/misc/rci-rg/ag_kehr/projects/Polaris_Diversity_Cohort/bam/ERR1955394.GRCh38.bam	VAR/VAR	306.954102	246.076172	367.878906	1.000000	260	0	56.982693	0	60	TRUE	1117.859253
svVariant_7	ERR1955393	/misc/rci-rg/ag_kehr/projects/Polaris_Diversity_Cohort/bam/ERR1955393.GRCh38.bam	REF/VAR	1549.654297	1120.003906	1998.708984	1.000000	290	0	58.458622	0	60	TRUE	1110.790283
svVariant_7	ERR1955434	/misc/rci-rg/ag_kehr/projects/Polaris_Diversity_Cohort/bam/ERR1955434.GRCh38.bam	VAR/VAR	372.251953	307.461914	437.681641	1.000000	283	0	57.222614	0	60	TRUE	1105.874878
svVariant_7	ERR1955417	/misc/rci-rg/ag_kehr/projects/Polaris_Diversity_Cohort/bam/ERR1955417.GRCh38.bam	VAR/VAR	342.494141	284.073242	402.378906	1.000000	225	0	57.055557	0	60	TRUE	1100.279541
svVariant_7	ERR1955395	/misc/rci-rg/ag_kehr/projects/Polaris_Diversity_Cohort/bam/ERR1955395.GRCh38.bam	VAR/VAR	354.894531	290.572266	419.503906	1.000000	266	0	57.180450	0	60	TRUE	1116.355469
svVariant_7	ERR1955419	/misc/rci-rg/ag_kehr/projects/Polaris_Diversity_Cohort/bam/ERR1955419.GRCh38.bam	VAR/VAR	220.353027	170.465332	272.980469	1.000000	179	0	56.709496	0	60	TRUE	1132.567139
svVariant_7	ERR1955433	/misc/rci-rg/ag_kehr/projects/Polaris_Diversity_Cohort/bam/ERR1955433.GRCh38.bam	REF/REF	227.299805	195.744141	259.774414	1.000000	259	0	59.530888	0	60	TRUE	1113.589478
svVariant_8	ERR1955394	/misc/rci-rg/ag_kehr/projects/Polaris_Diversity_Cohort/bam/ERR1955394.GRCh38.bam	REF/VAR	481.647461	257.769531	742.108398	1.000000	402	0	58.961441	0	60	TRUE	3170.852539
svVariant_7	ERR1955428	/misc/rci-rg/ag_kehr/projects/Polaris_Diversity_Cohort/bam/ERR1955428.GRCh38.bam	VAR/VAR	315.049805	256.755859	373.057617	1.000000	228	0	56.622807	0	60	TRUE	1149.096802
svVariant_7	ERR1955411	/misc/rci-rg/ag_kehr/projects/Polaris_Diversity_Cohort/bam/ERR1955411.GRCh38.bam	VAR/VAR	352.689453	291.159180	414.336914	1.000000	255	0	57.058823	0	60	TRUE	1136.163574
svVariant_7	ERR1955429	/misc/rci-rg/ag_kehr/projects/Polaris_Diversity_Cohort/bam/ERR1955429.GRCh38.bam	VAR/VAR	349.850586	290.712891	410.358398	1.000000	245	0	56.516327	0	60	TRUE	1167.963867
svVariant_8	ERR1955393	/misc/rci-rg/ag_kehr/projects/Polaris_Diversity_Cohort/bam/ERR1955393.GRCh38.bam	REF/VAR	383.898438	182.033203	612.197266	1.000000	420	0	59.223808	0	60	TRUE	3162.639404
svVariant_8	ERR1955419	/misc/rci-rg/ag_kehr/projects/Polaris_Diversity_Cohort/bam/ERR1955419.GRCh38.bam	REF/REF	125.288086	42.896484	179.366211	0.997100	317	0	59.681389	3	60	FALSE	3190.267090
svVariant_8	ERR1955417	/misc/rci-rg/ag_kehr/projects/Polaris_Diversity_Cohort/bam/ERR1955417.GRCh38.bam	REF/VAR	523.365234	294.786133	785.933594	1.000000	362	0	59.606354	37	60	TRUE	3155.788818
svVariant_8	ERR1955395	/misc/rci-rg/ag_kehr/projects/Polaris_Diversity_Cohort/bam/ERR1955395.GRCh38.bam	REF/VAR	338.942383	147.964844	558.859375	1.000000	416	0	59.057693	0	60	TRUE	3172.313232
svVariant_8	ERR1955434	/misc/rci-rg/ag_kehr/projects/Polaris_Diversity_Cohort/bam/ERR1955434.GRCh38.bam	REF/REF	181.039062	95.908203	236.498047	0.999700	434	0	59.197006	0	60	FALSE	3160.985596
svVariant_8	ERR1955433	/misc/rci-rg/ag_kehr/projects/Polaris_Diversity_Cohort/bam/ERR1955433.GRCh38.bam	REF/REF	165.039062	81.919922	221.083008	0.999500	395	0	59.465824	0	60	FALSE	3175.562744
svVariant_9	ERR1955394	/misc/rci-rg/ag_kehr/projects/Polaris_Diversity_Cohort/bam/ERR1955394.GRCh38.bam	REF/VAR	648.217773	384.094727	938.543945	1.000000	266	0	59.704887	27	60	TRUE	2253.479736
svVariant_8	ERR1955429	/misc/rci-rg/ag_kehr/projects/Polaris_Diversity_Cohort/bam/ERR1955429.GRCh38.bam	REF/REF	169.473633	146.166992	195.479492	1.000000	387	0	59.058140	0	60	TRUE	3227.320801
svVariant_8	ERR1955428	/misc/rci-rg/ag_kehr/projects/Polaris_Diversity_Cohort/bam/ERR1955428.GRCh38.bam	REF/REF	153.887695	131.670898	178.639648	1.000000	352	0	59.450283	9	60	TRUE	3200.792969
svVariant_8	ERR1955411	/misc/rci-rg/ag_kehr/projects/Polaris_Diversity_Cohort/bam/ERR1955411.GRCh38.bam	VAR/VAR	99.312500	53.504883	145.842773	1.000000	387	0	59.320412	11	60	TRUE	3186.614502
svVariant_9	ERR1955393	/misc/rci-rg/ag_kehr/projects/Polaris_Diversity_Cohort/bam/ERR1955393.GRCh38.bam	VAR/VAR	112.666016	63.217773	165.200195	1.000000	333	0	59.735737	27	60	TRUE	2243.114502
svVariant_9	ERR1955417	/misc/rci-rg/ag_kehr/projects/Polaris_Diversity_Cohort/bam/ERR1955417.GRCh38.bam	VAR/VAR	95.849609	51.541016	141.609375	1.000000	272	0	59.297794	5	60	TRUE	2229.127441
svVariant_9	ERR1955395	/misc/rci-rg/ag_kehr/projects/Polaris_Diversity_Cohort/bam/ERR1955395.GRCh38.bam	REF/VAR	467.085938	238.333984	721.302734	1.000000	293	0	59.617748	5	60	TRUE	2254.475098
svVariant_9	ERR1955433	/misc/rci-rg/ag_kehr/projects/Polaris_Diversity_Cohort/bam/ERR1955433.GRCh38.bam	REF/VAR	404.363281	194.820312	634.628418	1.000000	237	0	59.624474	8	60	TRUE	2252.775146
svVariant_9	ERR1955419	/misc/rci-rg/ag_kehr/projects/Polaris_Diversity_Cohort/bam/ERR1955419.GRCh38.bam	REF/VAR	385.097168	183.551270	610.968262	1.000000	216	0	59.625000	0	60	TRUE	2278.354980
svVariant_9	ERR1955434	/misc/rci-rg/ag_kehr/projects/Polaris_Diversity_Cohort/bam/ERR1955434.GRCh38.bam	REF/VAR	558.140625	315.450195	828.495117	1.000000	302	0	59.705299	3	60	TRUE	2236.499268
svVariant_9	ERR1955411	/misc/rci-rg/ag_kehr/projects/Polaris_Diversity_Cohort/bam/ERR1955411.GRCh38.bam	REF/VAR	464.339844	249.616211	709.621094	1.000000	263	0	59.714828	0	60	TRUE	2280.471191
svVariant_9	ERR1955429	/misc/rci-rg/ag_kehr/projects/Polaris_Diversity_Cohort/bam/ERR1955429.GRCh38.bam	REF/VAR	461.609375	242.279297	704.609375	1.000000	287	0	59.850174	27	60	TRUE	2333.881104
svVariant_9	ERR1955428	/misc/rci-rg/ag_kehr/projects/Polaris_Diversity_Cohort/bam/ERR1955428.GRCh38.bam	REF/VAR	404.073242	195.885742	638.826172	1.000000	251	0	59.912350	40	60	TRUE	2302.774658
